Codice,Nome,Città,Provincia,Regione,sezione rifermento
9234015,SEZIONE CASTEL DI SANGRO,CASTEL DI SANGRO,AQ,ABRUZZO,
9234002,SEZIONE L'AQUILA,L'AQUILA,AQ,ABRUZZO,
9234025,SEZIONE VALLELONGA - COPPO DELL'ORSO,TRASACCO,AQ,ABRUZZO,
9234019,SEZIONE VALLE ROVETO,CIVITELLA ROVETO,AQ,ABRUZZO,
9234001,SEZIONE CHIETI,CHIETI,CH,ABRUZZO,
9234012,SEZIONE FARA S.MARTINO,FARA SAN MARTINO,CH,ABRUZZO,
9234020,SEZIONE ORTONA,ORTONA,CH,ABRUZZO,
9234022,SEZIONE VASTO,VASTO,CH,ABRUZZO,
9234008,SEZIONE FARINDOLA,FARINDOLA,PE,ABRUZZO,
9234023,SEZIONE LORETO APRUTINO,LORETO APRUTINO,PE,ABRUZZO,
9234006,SEZIONE PENNE,PENNE,PE,ABRUZZO,
9234005,SEZIONE PESCARA,PESCARA,PE,ABRUZZO,
9234010,SEZIONE CASTELLI,CASTELLI,TE,ABRUZZO,
9234018,SEZIONE ISOLA DEL GRAN SASSO,ISOLA DEL GRAN SASSO,TE,ABRUZZO,
9234003,SEZIONE TERAMO,TERAMO,TE,ABRUZZO,
9242002,SEZIONE LAGONEGRO,LAGONEGRO,PZ,BASILICATA,
9244005,SEZIONE CASTROVILLARI,CASTROVILLARI,CS,CALABRIA,
9244004,SEZIONE CATANZARO,CATANZARO,CZ,CALABRIA,
9244001,SEZIONE REGGIO CALABRIA,REGGIO CALABRIA,RC,CALABRIA,
9238004,SEZIONE AVELLINO,TORRETTE DI MERCOGLIANO,AV,CAMPANIA,
9238005,SEZIONE PIEDIMONTE MATESE,SAN POTITO SANNITICO,CE,CAMPANIA,
9238001,SEZIONE NAPOLI,NAPOLI,NA,CAMPANIA,
9238003,SEZIONE SALERNO,SALERNO,SA,CAMPANIA,
9224002,SEZIONE BOLOGNA,BOLOGNA,BO,EMILIA-ROMAGNA,
9224005,SEZIONE IMOLA,IMOLA,BO,EMILIA-ROMAGNA,
9224018,SEZIONE PORRETTA TERME,PORRETTA TERME,BO,EMILIA-ROMAGNA,
9224012,SEZIONE CESENA,CESENA,FC,EMILIA-ROMAGNA,
9224016,SEZIONE ARGENTA,ARGENTA,FE,EMILIA-ROMAGNA,
9224006,SEZIONE FERRARA,FERRARA,FE,EMILIA-ROMAGNA,
9224004,SEZIONE FORLÌ,FORLÌ,FO,EMILIA-ROMAGNA,
9224017,SEZIONE CASTELFRANCO EMILIA,CASTELFRANCO EMILIA,MO,EMILIA-ROMAGNA,
9224003,SEZIONE MODENA,MODENA,MO,EMILIA-ROMAGNA,
9224015,SEZIONE SASSUOLO,SASSUOLO,MO,EMILIA-ROMAGNA,
9224001,SEZIONE PARMA,PARMA,PR,EMILIA-ROMAGNA,
9224011,SEZIONE FAENZA,FAENZA,RA,EMILIA-ROMAGNA,
9224019,SEZIONE LUGO,LUGO,RA,EMILIA-ROMAGNA,
9224014,SEZIONE RAVENNA,RAVENNA,RA,EMILIA-ROMAGNA,
9224013,SEZIONE CASTELNOVO NE' MONTI,CASTELNOVO NE' MONTI,RE,EMILIA-ROMAGNA,
9224008,SEZIONE REGGIO EMILIA,REGGIO EMILIA,RE,EMILIA-ROMAGNA,
9200002,ASSOCIAZIONE GUIDE ALPINE ITALIANE,MILANO,MI,EXTRA REGIONE,
9200001,SEZIONE C.A.A.I.,MILANO,MI,EXTRA REGIONE,
9200003,SEZIONE C.N.S.A.S.,MILANO,MI,EXTRA REGIONE,
9222012,SEZIONE MONFALCONE,MONFALCONE,GO,FRIULI-VENEZIA GIULIA,
9222016,SEZIONE CIMOLAIS,CIMOLAIS,PN,FRIULI-VENEZIA GIULIA,
9222015,SEZIONE CLAUT,CLAUT,PN,FRIULI-VENEZIA GIULIA,
9222008,SEZIONE MANIAGO,MANIAGO,PN,FRIULI-VENEZIA GIULIA,
9222006,SEZIONE PORDENONE,PORDENONE,PN,FRIULI-VENEZIA GIULIA,
9222024,SEZIONE SACILE,SACILE,PN,FRIULI-VENEZIA GIULIA,
9222019,SEZIONE S.VITO AL TAGLIAMENTO,SAN VITO AL TAGLIAMENTO,PN,FRIULI-VENEZIA GIULIA,
9222011,SEZIONE XXX OTTOBRE,TRIESTE,TS,FRIULI-VENEZIA GIULIA,
9222026,SEZIONE CERVIGNANO DEL FRIULI,CERVIGNANO DEL FRIULI,UD,FRIULI-VENEZIA GIULIA,
9222014,SEZIONE CIVIDALE DEL FRIULI,CIVIDALE DEL FRIULI,UD,FRIULI-VENEZIA GIULIA,
9222027,SEZIONE CODROIPO,CODROIPO,UD,FRIULI-VENEZIA GIULIA,
9222021,SEZIONE FORNI DI SOPRA,FORNI DI SOPRA,UD,FRIULI-VENEZIA GIULIA,
9222007,SEZIONE GEMONA DEL FRIULI,GEMONA DEL FRIULI,UD,FRIULI-VENEZIA GIULIA,
9222025,SEZIONE MANZANO,MANZANO,UD,FRIULI-VENEZIA GIULIA,
9222013,SEZIONE MOGGIO UDINESE,MOGGIO UDINESE,UD,FRIULI-VENEZIA GIULIA,
9222003,SEZIONE S.A.F.- UDINE,UDINE,UD,FRIULI-VENEZIA GIULIA,
9222002,SEZIONE TOLMEZZO,TOLMEZZO,UD,FRIULI-VENEZIA GIULIA,
9222028,SEZIONE VAL NATISONE,SAN PIETRO AL NATISONE,UD,FRIULI-VENEZIA GIULIA,
9232010,SEZIONE ALATRI,ALATRI,FR,LAZIO,
9232021,SEZIONE APRILIA,APRILIA,LT,LAZIO,
9232006,SEZIONE LATINA,LATINA,LT,LAZIO,
9232019,SEZIONE AMATRICE,AMATRICE,RI,LAZIO,
9232020,SEZIONE ANTRODOCO,ANTRODOCO,RI,LAZIO,
9232022,SEZIONE LEONESSA,LEONESSA,RI,LAZIO,
9232004,SEZIONE RIETI,RIETI,RI,LAZIO,
9232023,SEZIONE MONTEROTONDO,MONTEROTONDO,RM,LAZIO,
9232011,SEZIONE PALESTRINA,PALESTRINA,RM,LAZIO,
9232005,SEZIONE VITERBO,VITERBO,VT,LAZIO,
9210018,SEZIONE BOLZANETO,GENOVA,GE,LIGURIA,
9210012,SEZIONE CHIAVARI,CHIAVARI,GE,LIGURIA,
9210001,SEZIONE LIGURE-GENOVA,GENOVA,GE,LIGURIA,
9210017,SEZIONE RAPALLO,RAPALLO,GE,LIGURIA,
9210019,SEZIONE SAMPIERDARENA,GENOVA,GE,LIGURIA,
9210005,SEZIONE U.L.E. GENOVA,GENOVA,GE,LIGURIA,
9210011,SEZIONE BORDIGHERA,BORDIGHERA,IM,LIGURIA,
9210006,SEZIONE SANREMO,SAN REMO,IM,LIGURIA,
9210004,SEZIONE LA SPEZIA,LA SPEZIA,SP,LIGURIA,
9210013,SEZIONE ALBENGA,ALBENGA,SV,LIGURIA,
9210014,SEZIONE ALTARE,ALTARE,SV,LIGURIA,
9210016,SEZIONE FINALE LIGURE,FINALE LIGURE,SV,LIGURIA,
9210015,SEZIONE LOANO,LOANO,SV,LIGURIA,
9210003,SEZIONE SAVONA,SAVONA,SV,LIGURIA,
9216002,SEZIONE BERGAMO,BERGAMO,BG,LOMBARDIA,
9216132,SEZIONE CLUSONE,CLUSONE,BG,LOMBARDIA,
9216055,SEZIONE LOVERE,LOVERE,BG,LOMBARDIA,
9216135,SEZIONE PIAZZA BREMBANA,PIAZZA BREMBANA,BG,LOMBARDIA,
9216087,SEZIONE ROMANO DI LOMBARDIA,ROMANO DI LOMBARDIA,BG,LOMBARDIA,
9216045,SEZIONE TREVIGLIO,TREVIGLIO,BG,LOMBARDIA,
9216113,SEZIONE BORNO,BORNO,BS,LOMBARDIA,
9216137,SEZIONE BOVEGNO,BOVEGNO,BS,LOMBARDIA,
9216129,SEZIONE BRENO,BRENO,BS,LOMBARDIA,
9216005,SEZIONE BRESCIA,BRESCIA,BS,LOMBARDIA,
9216062,SEZIONE CEDEGOLO,CEDEGOLO,BS,LOMBARDIA,
9216139,SEZIONE COCCAGLIO,COCCAGLIO,BS,LOMBARDIA,
9216136,SEZIONE DESENZANO,DESENZANO DEL GARDA,BS,LOMBARDIA,
9216111,SEZIONE EDOLO,EDOLO,BS,LOMBARDIA,
9216144,SEZIONE LUMEZZANE,LUMEZZANE,BS,LOMBARDIA,
9216010,SEZIONE PALAZZOLO SULL'OGLIO,PALAZZOLO SULL'OGLIO,BS,LOMBARDIA,
9216124,SEZIONE PEZZO PONTEDILEGNO,PONTE DI LEGNO,BS,LOMBARDIA,
9216076,SEZIONE SALÒ,SALÒ,BS,LOMBARDIA,
9216146,SEZIONE VILLA CARCINA,VILLA CARCINA,BS,LOMBARDIA,
9216069,SEZIONE ASSO,ASSO,CO,LOMBARDIA,
9216080,SEZIONE CABIATE,CABIATE,CO,LOMBARDIA,
9216095,SEZIONE CANZO,CANZO,CO,LOMBARDIA,
9216108,SEZIONE CAPIAGO INTIMIANO,CAPIAGO INTIMIANO,CO,LOMBARDIA,
9216116,SEZIONE CERMENATE,CERMENATE,CO,LOMBARDIA,
9216006,SEZIONE COMO,COMO,CO,LOMBARDIA,
9216131,SEZIONE DONGO,DONGO,CO,LOMBARDIA,
9216099,SEZIONE ERBA,ERBA,CO,LOMBARDIA,
9216086,SEZIONE FINO MORNASCO,FINO MORNASCO,CO,LOMBARDIA,
9216091,SEZIONE INVERIGO,INVERIGO,CO,LOMBARDIA,
9216097,SEZIONE MERONE,MERONE,CO,LOMBARDIA,
9216046,SEZIONE MOLTRASIO,MOLTRASIO,CO,LOMBARDIA,
9216141,SEZIONE ROVELLASCA,ROVELLASCA,CO,LOMBARDIA,
9216130,SEZIONE VALLE INTELVI,SAN FEDELE INTELVI,CO,LOMBARDIA,
9216027,SEZIONE CREMA,CREMA,CR,LOMBARDIA,
9216007,SEZIONE CREMONA,CREMONA,CR,LOMBARDIA,
9216102,SEZIONE BELLANO,BELLANO,LC,LOMBARDIA,
9216079,SEZIONE CALCO,CALCO,LC,LOMBARDIA,
9216035,SEZIONE CALOLZIOCORTE,CALOLZIOCORTE,LC,LOMBARDIA,
9216123,SEZIONE COLICO,COLICO,LC,LOMBARDIA,
9216053,SEZIONE DERVIO,DERVIO,LC,LOMBARDIA,
9216110,SEZIONE INTROBIO,INTROBIO,LC,LOMBARDIA,
9216019,SEZIONE MANDELLO LARIO,MANDELLO DEL LARIO,LC,LOMBARDIA,
9216150,SEZIONE MISSAGLIA,MISSAGLIA,LC,LOMBARDIA,
9216093,SEZIONE MONTEVECCHIA,MONTEVECCHIA,LC,LOMBARDIA,
9216143,SEZIONE OGGIONO,OGGIONO,LC,LOMBARDIA,
9216068,SEZIONE ROVAGNATE,ROVAGNATE,LC,LOMBARDIA,
9216071,SEZIONE CODOGNO,CODOGNO,LO,LOMBARDIA,
9216017,SEZIONE LODI,LODI,LO,LOMBARDIA,
9216107,SEZIONE ALBIATE,ALBIATE,MB,LOMBARDIA,
9216090,SEZIONE BARLASSINA,BARLASSINA,MB,LOMBARDIA,
9216073,SEZIONE BESANA BRIANZA,BESANA IN BRIANZA,MB,LOMBARDIA,
9216082,SEZIONE BOVISIO MASCIAGO,BOVISIO MASCIAGO,MB,LOMBARDIA,
9216072,SEZIONE BRUGHERIO,BRUGHERIO,MB,LOMBARDIA,
9216105,SEZIONE CONCOREZZO,CONCOREZZO,MB,LOMBARDIA,
9216011,SEZIONE DESIO,DESIO,MB,LOMBARDIA,
9216039,SEZIONE GIUSSANO,GIUSSANO,MB,LOMBARDIA,
9216040,SEZIONE LISSONE,LISSONE,MB,LOMBARDIA,
9216119,SEZIONE MACHERIO,MACHERIO,MB,LOMBARDIA,
9216008,SEZIONE MONZA,MONZA,MB,LOMBARDIA,
9216142,SEZIONE MUGGIÒ,MUGGIÒ,MB,LOMBARDIA,
9216075,SEZIONE VEDANO AL LAMBRO,VEDANO AL LAMBRO,MB,LOMBARDIA,
9216147,SEZIONE VEDUGGIO,VEDUGGIO CON COLZANO,MB,LOMBARDIA,
9216126,SEZIONE VILLASANTA,VILLASANTA,MB,LOMBARDIA,
9216048,SEZIONE VIMERCATE,VIMERCATE,MB,LOMBARDIA,
9216049,SEZIONE ABBIATEGRASSO,ABBIATEGRASSO,MI,LOMBARDIA,
9216051,SEZIONE CERNUSCO SUL NAVIGLIO,CERNUSCO SUL NAVIGLIO,MI,LOMBARDIA,
9216098,SEZIONE CINISELLO BALSAMO,CINISELLO BALSAMO,MI,LOMBARDIA,
9216038,SEZIONE COLOGNO MONZESE,COLOGNO MONZESE,MI,LOMBARDIA,
9216149,SEZIONE CORNAREDO,CORNAREDO,MI,LOMBARDIA,
9216115,SEZIONE CORSICO,CORSICO,MI,LOMBARDIA,
9216066,SEZIONE GARBAGNATE MILANESE,GARBAGNATE MILANESE,MI,LOMBARDIA,
9216070,SEZIONE GORGONZOLA,GORGONZOLA,MI,LOMBARDIA,
9216083,SEZIONE INZAGO,INZAGO,MI,LOMBARDIA,
9216022,SEZIONE LEGNANO,LEGNANO,MI,LOMBARDIA,
9216109,SEZIONE MELEGNANO,MELEGNANO,MI,LOMBARDIA,
9216003,SEZIONE MILANO,MILANO,MI,LOMBARDIA,
9216100,SEZIONE NERVIANO,NERVIANO,MI,LOMBARDIA,
9216043,SEZIONE NOVATE MILANESE,NOVATE MILANESE,MI,LOMBARDIA,
9216057,SEZIONE PADERNO DUGNANO,PADERNO DUGNANO,MI,LOMBARDIA,
9216021,SEZIONE RHO,RHO,MI,LOMBARDIA,
9216020,SEZIONE SESTO S.GIOVANNI,SESTO SAN GIOVANNI,MI,LOMBARDIA,
9216145,SEZIONE VITTUONE,VITTUONE,MI,LOMBARDIA,
9216140,SEZIONE BOZZOLO,BOZZOLO,MN,LOMBARDIA,
9216025,SEZIONE MANTOVA,MANTOVA,MN,LOMBARDIA,
9216012,SEZIONE PAVIA,PAVIA,PV,LOMBARDIA,
9216013,SEZIONE VIGEVANO,VIGEVANO,PV,LOMBARDIA,
9216024,SEZIONE VOGHERA,VOGHERA,PV,LOMBARDIA,
9216120,SEZIONE LIVIGNO,LIVIGNO,SO,LOMBARDIA,
9216104,SEZIONE MADESIMO,MADESIMO,SO,LOMBARDIA,
9216118,SEZIONE SONDALO,SONDALO,SO,LOMBARDIA,
9216106,SEZIONE VALFURVA,VALFURVA,SO,LOMBARDIA,
9216112,SEZIONE VALMALENCO,CHIESA IN VALMALENCO,SO,LOMBARDIA,
9216001,SEZIONE VALTELLINESE-SONDRIO,SONDRIO,SO,LOMBARDIA,
9216014,SEZIONE BUSTO ARSIZIO,BUSTO ARSIZIO,VA,LOMBARDIA,
9216036,SEZIONE CASTELLANZA,CASTELLANZA,VA,LOMBARDIA,
9216015,SEZIONE GALLARATE,GALLARATE,VA,LOMBARDIA,
9216059,SEZIONE GAVIRATE,GAVIRATE,VA,LOMBARDIA,
9216148,SEZIONE GAZZADA SCHIANNO,GAZZADA SCHIANNO,VA,LOMBARDIA,
9216092,SEZIONE GORLA MINORE,GORLA MINORE,VA,LOMBARDIA,
9216032,SEZIONE LAVENO MOMBELLO,LAVENO MOMBELLO,VA,LOMBARDIA,
9216067,SEZIONE MALNATE,MALNATE,VA,LOMBARDIA,
9216047,SEZIONE OLGIATE OLONA,OLGIATE OLONA,VA,LOMBARDIA,
9216033,SEZIONE SARONNO,SARONNO,VA,LOMBARDIA,
9216065,SEZIONE SOMMA LOMBARDO,SOMMA LOMBARDO,VA,LOMBARDIA,
9216133,SEZIONE TRADATE,TRADATE,VA,LOMBARDIA,
9216009,SEZIONE VARESE,VARESE,VA,LOMBARDIA,
9228001,SEZIONE ANCONA,ANCONA,AN,MARCHE,
9228007,SEZIONE FABRIANO,FABRIANO,AN,MARCHE,
9228003,SEZIONE JESI,JESI,AN,MARCHE,
9228010,SEZIONE AMANDOLA,AMANDOLA,AP,MARCHE,
9228002,SEZIONE ASCOLI PICENO,ASCOLI PICENO,AP,MARCHE,
9228013,SEZIONE S.BENEDETTO DEL TRONTO,S.BENEDETTO DEL TRONTO,AP,MARCHE,
9228004,SEZIONE FERMO,FERMO,FM,MARCHE,
9228005,SEZIONE CAMERINO,CAMERINO,MC,MARCHE,
9228008,SEZIONE MACERATA,MACERATA,MC,MARCHE,
9228014,SEZIONE POTENZA PICENA,PORTO POTENZA PICENA,MC,MARCHE,
9228011,SEZIONE SARNANO,SARNANO,MC,MARCHE,
9228009,SEZIONE S.SEVERINO MARCHE,SAN SEVERINO MARCHE,MC,MARCHE,
9228006,SEZIONE PESARO,PESARO,PU,MARCHE,
9212036,SEZIONE ACQUI TERME,ACQUI TERME,AL,PIEMONTE,
9212017,SEZIONE ALESSANDRIA,ALESSANDRIA,AL,PIEMONTE,
9212068,SEZIONE OVADA,OVADA,AL,PIEMONTE,
9212051,SEZIONE S.SALVATORE MONFERRATO,SAN SALVATORE MONFERRATO,AL,PIEMONTE,
9212057,SEZIONE VALENZA,VALENZA PO,AL,PIEMONTE,
9212005,SEZIONE BIELLA,BIELLA,BI,PIEMONTE,
9212031,SEZIONE BARGE,BARGE,CN,PIEMONTE,
9212081,SEZIONE CERVASCA,SAN DEFENDENTE,CN,PIEMONTE,
9212058,SEZIONE CEVA,CEVA,CN,PIEMONTE,
9212006,SEZIONE CUNEO,CUNEO,CN,PIEMONTE,
9212034,SEZIONE FOSSANO,FOSSANO,CN,PIEMONTE,
9212038,SEZIONE GARESSIO,GARESSIO,CN,PIEMONTE,
9212071,SEZIONE ORMEA,ORMEA,CN,PIEMONTE,
9212046,SEZIONE RACCONIGI,RACCONIGI,CN,PIEMONTE,
9212033,SEZIONE SAVIGLIANO,SAVIGLIANO,CN,PIEMONTE,
9212018,SEZIONE ARONA,ARONA,NO,PIEMONTE,
9212037,SEZIONE GOZZANO,GOZZANO,NO,PIEMONTE,
9212014,SEZIONE NOVARA,NOVARA,NO,PIEMONTE,
9212076,SEZIONE ALA DI STURA,ALA DI STURA,TO,PIEMONTE,
9212061,SEZIONE ALMESE,ALMESE,TO,PIEMONTE,
9212044,SEZIONE ALPIGNANO,ALPIGNANO,TO,PIEMONTE,
9212052,SEZIONE BARDONECCHIA,BARDONECCHIA,TO,PIEMONTE,
9212023,SEZIONE BUSSOLENO,BUSSOLENO,TO,PIEMONTE,
9212082,SEZIONE CARMAGNOLA,CARMAGNOLA,TO,PIEMONTE,
9212026,SEZIONE CASELLE TORINESE,CASELLE TORINESE,TO,PIEMONTE,
9212077,SEZIONE CAVOUR,CAVOUR,TO,PIEMONTE,
9212059,SEZIONE CHIOMONTE,CHIOMONTE,TO,PIEMONTE,
9212013,SEZIONE CHIVASSO,CHIVASSO,TO,PIEMONTE,
9212024,SEZIONE CIRIÉ ,CIRIÉ ,TO,PIEMONTE,
9212063,SEZIONE COAZZE,COAZZE,TO,PIEMONTE,
9212072,SEZIONE CUORGNÈ ,CUORGNÈ ,TO,PIEMONTE,
9212067,SEZIONE FORNO CANAVESE,FORNO CANAVESE,TO,PIEMONTE,
9212043,SEZIONE GIAVENO,GIAVENO,TO,PIEMONTE,
9212008,SEZIONE IVREA,IVREA,TO,PIEMONTE,
9212047,SEZIONE LANZO TORINESE,LANZO TORINESE,TO,PIEMONTE,
9212039,SEZIONE LEINI,LEINI,TO,PIEMONTE,
9212075,SEZIONE ORBASSANO,ORBASSANO,TO,PIEMONTE,
9212066,SEZIONE PIANEZZA,PIANEZZA,TO,PIEMONTE,
9212062,SEZIONE PINASCA,PINASCA,TO,PIEMONTE,
9212009,SEZIONE PINEROLO,PINEROLO,TO,PIEMONTE,
9212078,SEZIONE PINO TORINESE,PINO TORINESE,TO,PIEMONTE,
9212004,SEZIONE SUSA,SUSA,TO,PIEMONTE,
9212001,SEZIONE TORINO,TORINO,TO,PIEMONTE,
9212019,SEZIONE UGET TORINO,TORINO,TO,PIEMONTE,
9212021,SEZIONE UGET VALPELLICE - TORRE PELLICE,TORRE PELLICE,TO,PIEMONTE,
9212065,SEZIONE VAL DELLA TORRE,VAL DELLA TORRE,TO,PIEMONTE,
9212049,SEZIONE VALGERMANASCA,POMARETTO,TO,PIEMONTE,
9212042,SEZIONE VENARIA REALE,VENARIA,TO,PIEMONTE,
9212074,SEZIONE VIGONE,VIGONE,TO,PIEMONTE,
9212053,SEZIONE VOLPIANO,VOLPIANO,TO,PIEMONTE,
9212032,SEZIONE BAVENO,BAVENO,VB,PIEMONTE,
9212003,SEZIONE DOMODOSSOLA,DOMODOSSOLA,VB,PIEMONTE,
9212035,SEZIONE GRAVELLONA TOCE,GRAVELLONA TOCE,VB,PIEMONTE,
9212020,SEZIONE OMEGNA,OMEGNA,VB,PIEMONTE,
9212028,SEZIONE PIEDIMULERA,PIEDIMULERA,VB,PIEMONTE,
9212056,SEZIONE VALLE VIGEZZO,CRAVEGGIA,VB,PIEMONTE,
9212007,SEZIONE VERBANO-VERBANIA,VERBANIA,VB,PIEMONTE,
9212022,SEZIONE VILLADOSSOLA,VILLADOSSOLA,VB,PIEMONTE,
9212002,SEZIONE VARALLO SESIA,VARALLO,VC,PIEMONTE,
9212016,SEZIONE VERCELLI,VERCELLI,VC,PIEMONTE,
9240001,SEZIONE GIOIA DEL COLLE,GIOIA DEL COLLE,BA,PUGLIA,
9240003,SEZIONE FOGGIA,FOGGIA,FG,PUGLIA,
9248001,SEZIONE CAGLIARI,CAGLIARI,CA,SARDEGNA,
9248002,SEZIONE NUORO,NUORO,NU,SARDEGNA,
9248003,SEZIONE SASSARI,SASSARI,SS,SARDEGNA,
9246009,SEZIONE ACIREALE,ACIREALE,CT,SICILIA,
9246010,SEZIONE BELPASSO,BELPASSO,CT,SICILIA,
9246017,SEZIONE BRONTE,BRONTE,CT,SICILIA,
9246001,SEZIONE CATANIA,CATANIA,CT,SICILIA,
9246005,SEZIONE GIARRE,GIARRE,CT,SICILIA,
9246004,SEZIONE LINGUAGLOSSA,LINGUAGLOSSA,CT,SICILIA,
9246015,SEZIONE PEDARA,PEDARA,CT,SICILIA,
9246012,SEZIONE LONGI (sciolta),LONGI,ME,SICILIA,
9246006,SEZIONE MESSINA,MESSINA,ME,SICILIA,
9246018,SEZIONE NOVARA DI SICILIA,NOVARA DI SICILIA,ME,SICILIA,
9246016,SEZIONE CEFALÙ ,CEFALÙ ,PA,SICILIA,
9246002,SEZIONE PALERMO,PALERMO,PA,SICILIA,
9246003,SEZIONE PETRALIA SOTTANA,PETRALIA SOTTANA,PA,SICILIA,
9246007,SEZIONE POLIZZI GENEROSA,POLIZZI GENEROSA,PA,SICILIA,
9246014,SEZIONE RAGUSA,RAGUSA,RG,SICILIA,
9246013,SEZIONE SIRACUSA,SIRACUSA,SR,SICILIA,
9226009,SEZIONE AREZZO,AREZZO,AR,TOSCANA,
9226022,SEZIONE SANSEPOLCRO,SANSEPOLCRO,AR,TOSCANA,
9226023,SEZIONE VALDARNO SUPERIORE,MONTEVARCHI,AR,TOSCANA,
9226001,SEZIONE FIRENZE,FIRENZE,FI,TOSCANA,
9226004,SEZIONE LIVORNO,LIVORNO,LI,TOSCANA,
9226024,SEZIONE BARGA,BARGA,LU,TOSCANA,
9226021,SEZIONE CASTELNUOVO GARFAGNANA,CASTELNUOVO DI GARFAGNANA,LU,TOSCANA,
9226012,SEZIONE FORTE DEI MARMI,VITTORIA APUANA,LU,TOSCANA,
9226005,SEZIONE CARRARA,CARRARA,MS,TOSCANA,
9226019,SEZIONE FIVIZZANO,FIVIZZANO,MS,TOSCANA,
9226017,SEZIONE PONTREMOLI,PONTREMOLI,MS,TOSCANA,
9226003,SEZIONE PISA,PISA,PI,TOSCANA,
9226025,SEZIONE PONTEDERA,PONTEDERA,PI,TOSCANA,
9226008,SEZIONE EMILIO BERTINI-PRATO,PRATO,PO,TOSCANA,
9226026,SEZIONE PESCIA,PESCIA,PT,TOSCANA,
9226002,SEZIONE SIENA,SIENA,SI,TOSCANA,
9219001,SEZIONE APPIANO C.A.I. A.A.,APPIANO SULLA STRADA,BZ,TRENTINO-ALTO ADIGE,
9219002,SEZIONE BOLZANO C.A.I. A.A.,BOLZANO,BZ,TRENTINO-ALTO ADIGE,
9219013,SEZIONE BRENNERO C.A.I. A.A.,BRENNERO,BZ,TRENTINO-ALTO ADIGE,
9219003,SEZIONE BRESSANONE C.A.I. A.A.,BRESSANONE,BZ,TRENTINO-ALTO ADIGE,
9219004,SEZIONE BRONZOLO C.A.I. A.A.,BRONZOLO,BZ,TRENTINO-ALTO ADIGE,
9219006,SEZIONE CHIUSA C.A.I A.A.,CHIUSA,BZ,TRENTINO-ALTO ADIGE,
9219007,SEZIONE EGNA C.A.I. A.A.,EGNA,BZ,TRENTINO-ALTO ADIGE,
9219008,SEZIONE FORTEZZA C.A.I. A.A.,FORTEZZA,BZ,TRENTINO-ALTO ADIGE,
9219015,SEZIONE LAIVES C.A.I. A.A.,LAIVES,BZ,TRENTINO-ALTO ADIGE,
9219014,SEZIONE SALORNO C.A.I. A.A.,SALORNO,BZ,TRENTINO-ALTO ADIGE,
9219011,SEZIONE VAL GARDENA C.A.I.A.A.,SELVA DI VAL GARDENA,BZ,TRENTINO-ALTO ADIGE,
9219012,SEZIONE VIPITENO C.A.I. A.A.,VIPITENO,BZ,TRENTINO-ALTO ADIGE,
9218001,SEZIONE S.A.T.,TRENTO,TN,TRENTINO-ALTO ADIGE,
9230005,SEZIONE CITTÀ DI CASTELLO,CITTÀ DI CASTELLO,PG,UMBRIA,
9230004,SEZIONE FOLIGNO,FOLIGNO,PG,UMBRIA,
9230001,SEZIONE PERUGIA,PERUGIA,PG,UMBRIA,
9230003,SEZIONE TERNI,TERNI,TR,UMBRIA,
9214001,SEZIONE AOSTA,AOSTA,AO,VALLE D'AOSTA,
9214004,SEZIONE CHATILLON,CHATILLON,AO,VALLE D'AOSTA,
9214003,SEZIONE VERRES,VERRES,AO,VALLE D'AOSTA,
9220001,SEZIONE AGORDO,AGORDO,BL,VENETO,
9220006,SEZIONE BELLUNO,BELLUNO,BL,VENETO,
9220035,SEZIONE CALALZO DI CADORE,CALALZO DI CADORE,BL,VENETO,
9220066,SEZIONE CAPRILE,CAPRILE,BL,VENETO,
9220039,SEZIONE DOMEGGE DI CADORE,DOMEGGE DI CADORE,BL,VENETO,
9220013,SEZIONE FELTRE,FELTRE,BL,VENETO,
9220041,SEZIONE LONGARONE,LONGARONE,BL,VENETO,
9220049,SEZIONE LORENZAGO,LORENZAGO DI CADORE,BL,VENETO,
9220043,SEZIONE LOZZO DI CADORE,LOZZO DI CADORE,BL,VENETO,
9220042,SEZIONE VALCOMELICO,COMELICO SUPERIORE FRAZ. CASAMAZZAGNO,BL,VENETO,
9220037,SEZIONE VAL DI ZOLDO,FORNO DI ZOLDO,BL,VENETO,
9220047,SEZIONE VIGO DI CADORE,VIGO DI CADORE,BL,VENETO,
9220048,SEZIONE CAMPOSAMPIERO,CAMPOSAMPIERO,PD,VENETO,
9220020,SEZIONE CITTADELLA,CITTADELLA,PD,VENETO,
9220032,SEZIONE ESTE,ESTE,PD,VENETO,
9220023,SEZIONE ROVIGO,ROVIGO,RO,VENETO,
9220038,SEZIONE TRECENTA,LENDINARA,RO,VENETO,
9220053,SEZIONE FIAMME GIALLE,PREDAZZO,TN,VENETO,
9220054,SEZIONE PIEVE DI SOLIGO,PIEVE DI SOLIGO,TV,VENETO,
9220058,SEZIONE PONTE PIAVE SALGAREDA,PONTE DI PIAVE,TV,VENETO,
9220056,SEZIONE SPRESIANO,SPRESIANO,TV,VENETO,
9220009,SEZIONE TREVISO,TREVISO,TV,VENETO,
9220030,SEZIONE PORTOGRUARO,PORTOGRUARO,VE,VENETO,
9220036,SEZIONE SAN DONÀ DI PIAVE,SAN DONÀ DI PIAVE,VE,VENETO,
9220005,SEZIONE VENEZIA,VENEZIA,VE,VENETO,
9220024,SEZIONE ARZIGNANO,ARZIGNANO,VI,VENETO,
9220040,SEZIONE ASIAGO,ASIAGO,VI,VENETO,
9220010,SEZIONE BASSANO DEL GRAPPA,BASSANO DEL GRAPPA,VI,VENETO,
9220057,SEZIONE DUEVILLE,DUEVILLE,VI,VENETO,
9220034,SEZIONE MONTEBELLO VICENTINO,MONTEBELLO VICENTINO,VI,VENETO,
9220028,SEZIONE MONTECCHIO MAGGIORE,MONTECCHIO MAGGIORE,VI,VENETO,
9220007,SEZIONE SCHIO,SCHIO,VI,VENETO,
9220012,SEZIONE VALDAGNO,VALDAGNO,VI,VENETO,
9220004,SEZIONE VICENZA,VICENZA,VI,VENETO,
9220050,SEZIONE BOSCO CHIESANUOVA,BOSCO CHIESANUOVA,VR,VENETO,
9220062,SEZIONE CESARE BATTISTI,VERONA,VR,VENETO,
9220063,SEZIONE LEGNAGO,LEGNAGO,VR,VENETO,
9220060,SEZIONE S.BONIFACIO,SAN BONIFACIO,VR,VENETO,
9220059,SEZIONE S.PIETRO IN CARIANO,PEDEMONTE,VR,VENETO,
9220061,SEZIONE TREGNAGO,TREGNAGO,VR,VENETO,
9220003,SEZIONE VERONA,VERONA,VR,VENETO,
9232014,SEZIONE TIVOLI,TIVOLI,RM,LAZIO,
9216028,SEZIONE S.E.M.,MILANO,MI,LOMBARDIA,
9220008,SEZIONE PADOVA,PADOVA,PD,VENETO,
9212045,SEZIONE MOSSO,MOSSO,BI,PIEMONTE,
9232013,SEZIONE ESPERIA,SAN GIORGIO A LIRI,FR,LAZIO,
9216096,SEZIONE CASTIGLIONE STIVIERE,GUIDIZZOLO,MN,LOMBARDIA,
9236001,SEZIONE CAMPOBASSO,CAMPOBASSO,CB,MOLISE,
9222010,SEZIONE TARVISIO,TARVISIO,UD,FRIULI-VENEZIA GIULIA,
9242001,SEZIONE POTENZA,POTENZA,PZ,BASILICATA,
9212054,SEZIONE NOVI LIGURE,VIGNOLE BORBERA,AL,PIEMONTE,
9220025,SEZIONE CHIOGGIA,CHIOGGIA,VE,VENETO,
9212064,SEZIONE ALBA,ALBA,CN,PIEMONTE,
9228015,SEZIONE MONTEFELTRO,URBINO,PU,MARCHE,
9244006,SEZIONE VERBICARO,SANTA MARIA DEL CEDRO - FRAZ. MERCELLINA,CS,CALABRIA,
9220067,SEZIONE CAPRINO VERONESE,CAPRINO VERONESE,VR,VENETO,
9226018,SEZIONE VALDARNO INFERIORE,EMPOLI,FI,TOSCANA,
9220033,SEZIONE SAPPADA,SAPPADA,BL,VENETO,
9212073,SEZIONE PEVERAGNO,PEVERAGNO,CN,PIEMONTE,
9212050,SEZIONE MACUGNAGA,MACUGNAGA,VB,PIEMONTE,
9238006,SEZIONE CASERTA,MADDALONI,CE,CAMPANIA,
9226010,SEZIONE VIAREGGIO,VIAREGGIO,LU,TOSCANA,
9232018,SEZIONE COLLEFERRO,COLLEFERRO,RM,LAZIO,
9216034,SEZIONE BOLLATE,BOLLATE,MI,LOMBARDIA,
9224009,SEZIONE RIMINI,RIMINI,RN,EMILIA-ROMAGNA,
9230007,SEZIONE GUALDO TADINO,GUALDO TADINO,PG,UMBRIA,
9220064,SEZIONE FIUME,PADOVA,PD,VENETO,
9228012,SEZIONE SENIGALLIA,VALLONE DI SENIGALLIA,AN,MARCHE,
9220044,SEZIONE LIVINALLONGO,LIVINALLONGO DEL COL DI LANA,BL,VENETO,
9219009,SEZIONE MERANO C.A.I. A.A.,MERANO,BZ,TRENTINO-ALTO ADIGE,
9220022,SEZIONE PIEVE DI CADORE,PIEVE DI CADORE,BL,VENETO,
9210009,SEZIONE SARZANA,SARZANA,SP,LIGURIA,
9226016,SEZIONE PIETRASANTA,PIETRASANTA,LU,TOSCANA,
9234017,SEZIONE LANCIANO,LANCIANO,CH,ABRUZZO,
9224007,SEZIONE PIACENZA,PIACENZA,PC,EMILIA-ROMAGNA,
9220021,SEZIONE MESTRE,VENEZIA,VE,VENETO,
9216016,SEZIONE SEREGNO,SEREGNO,MB,LOMBARDIA,
9220046,SEZIONE MALO,MALO,VI,VENETO,
9216050,SEZIONE CANTÙ ,CANTÙ ,CO,LOMBARDIA,
9212041,SEZIONE RIVAROLO CANAVESE,RIVAROLO CANAVESE,TO,PIEMONTE,
9216081,SEZIONE VALMADRERA,VALMADRERA,LC,LOMBARDIA,
9216128,SEZIONE INVERUNO,INVERUNO,MI,LOMBARDIA,
9236002,SEZIONE ISERNIA,ISERNIA,IS,MOLISE,
9212040,SEZIONE TORTONA,TORTONA,AL,PIEMONTE,
9220018,SEZIONE CONEGLIANO,CONEGLIANO,TV,VENETO,
9222023,SEZIONE PONTEBBA,PONTEBBA,UD,FRIULI-VENEZIA GIULIA,
9216026,SEZIONE BESOZZO SUPERIORE,BESOZZO,VA,LOMBARDIA,
9212060,SEZIONE CUMIANA,CUMIANA,TO,PIEMONTE,
9212015,SEZIONE CASALE MONFERRATO,CASALE MONFERRATO,AL,PIEMONTE,
9220031,SEZIONE DOLO,DOLO,VE,VENETO,
9222005,SEZIONE GORIZIA,GORIZIA,GO,FRIULI-VENEZIA GIULIA,
9216054,SEZIONE GARDONE VAL TROMPIA,GARDONE VAL TROMPIA,BS,LOMBARDIA,
9234011,SEZIONE ATESSA,ATESSA,CH,ABRUZZO,
9226007,SEZIONE PISTOIA,PISTOIA,PT,TOSCANA,
9238002,SEZIONE CAVA DEI TIRRENI,CAVA DE' TIRRENI,SA,CAMPANIA,
9216037,SEZIONE CESANO MADERNO,CESANO MADERNO,MB,LOMBARDIA,
9220017,SEZIONE VITTORIO VENETO,VITTORIO VENETO,TV,VENETO,
9222001,SEZIONE S.A.G.- TRIESTE,TRIESTE,TS,FRIULI-VENEZIA GIULIA,
9219005,SEZIONE BRUNICO C.A.I. A.A.,BRUNICO,BZ,TRENTINO-ALTO ADIGE,
9216125,SEZIONE ROVATO,ROVATO,BS,LOMBARDIA,
9212012,SEZIONE ASTI,ASTI,AT,PIEMONTE,
9212010,SEZIONE MONDOVÌ ,MONDOVÌ ,CN,PIEMONTE,
9216004,SEZIONE LECCO,LECCO,LC,LOMBARDIA,
9216114,SEZIONE BOFFALORA SOPRA TICINO,BOFFALORA SOPRA TICINO,MI,LOMBARDIA,
9224010,SEZIONE CARPI,CARPI,MO,EMILIA-ROMAGNA,
9216094,SEZIONE BORMIO,BORMIO,SO,LOMBARDIA,
9210002,SEZIONE IMPERIA,IMPERIA,IM,LIGURIA,
9230002,SEZIONE SPOLETO,SPOLETO,PG,UMBRIA,
9220055,SEZIONE MIRANO,MIRANO,VE,VENETO,
9220051,SEZIONE MOTTA DI LIVENZA,MOTTA DI LIVENZA,TV,VENETO,
9216061,SEZIONE MORTARA,MORTARA,PV,LOMBARDIA,
9216089,SEZIONE PREMANA,PREMANA,LC,LOMBARDIA,
9216058,SEZIONE SEVESO S.PIETRO,SEVESO,MB,LOMBARDIA,
9220045,SEZIONE RECOARO TERME,RECOARO TERME,VI,VENETO,
9222018,SEZIONE SPILIMBERGO,SPILIMBERGO,PN,FRIULI-VENEZIA GIULIA,
9220052,SEZIONE ODERZO,ODERZO,TV,VENETO,
9216052,SEZIONE CHIARI,CHIARI,BS,LOMBARDIA,
9210007,SEZIONE VARAZZE,VARAZZE,SV,LIGURIA,
9232001,SEZIONE ROMA,ROMA,RM,LAZIO,
9220027,SEZIONE S.VITO DI CADORE,SAN VITO DI CADORE,BL,VENETO,
9214002,SEZIONE GRESSONEY,GRESSONEY LA TRINITÉ,AO,VALLE D'AOSTA,
9216041,SEZIONE MAGENTA,MAGENTA,MI,LOMBARDIA,
9222020,SEZIONE RAVASCLETTO,RAVASCLETTO,UD,FRIULI-VENEZIA GIULIA,
9230006,SEZIONE GUBBIO,GUBBIO,PG,UMBRIA,
9216023,SEZIONE MERATE,MERATE,LC,LOMBARDIA,
9226011,SEZIONE SESTO FIORENTINO,SESTO FIORENTINO,FI,TOSCANA,
9216063,SEZIONE CASLINO D'ERBA,CASLINO D'ERBA,CO,LOMBARDIA,
9216138,SEZIONE PARABIAGO,PARABIAGO,MI,LOMBARDIA,
9210008,SEZIONE VENTIMIGLIA,VENTIMIGLIA,IM,LIGURIA,
9238009,SEZIONE CASTELLAMMARE DI STABIA,CASTELLAMMARE DI STABIA,NA,CAMPANIA,
9216101,SEZIONE NOVATE MEZZOLA,NOVATE MEZZOLA,SO,LOMBARDIA,
9234007,SEZIONE GUARDIAGRELE,GUARDIAGRELE,CH,ABRUZZO,
9212055,SEZIONE VARZO,VARZO,VB,PIEMONTE,
9216077,SEZIONE MARIANO COMENSE,MARIANO COMENSE,CO,LOMBARDIA,
9216029,SEZIONE MORBEGNO,MORBEGNO,SO,LOMBARDIA,
9290001,SEZIONE LIMA (sciolta),DOMODOSSOLA,VB,ESTERA,
9219010,SEZIONE VAL BADIA C.A.I. A.A.,LA VILLA,BZ,TRENTINO-ALTO ADIGE,
9222022,SEZIONE FORNI AVOLTRI,FORNI AVOLTRI,UD,FRIULI-VENEZIA GIULIA,
9238008,SEZIONE BENEVENTO,BENEVENTO,BN,CAMPANIA,
9216030,SEZIONE CARATE BRIANZA,CARATE BRIANZA,MB,LOMBARDIA,
9216127,SEZIONE APRICA,APRICA,SO,LOMBARDIA,
9234004,SEZIONE SULMONA,SULMONA,AQ,ABRUZZO,
9212030,SEZIONE STRESA,STRESA,VB,PIEMONTE,
9212048,SEZIONE BRA,BRA,CN,PIEMONTE,
9226020,SEZIONE GROSSETO,GROSSETO,GR,TOSCANA,
9220016,SEZIONE CASTELFRANCO VENETO,CASTELFRANCO VENETO,TV,VENETO,
9220026,SEZIONE MAROSTICA,MAROSTICA,VI,VENETO,
9220015,SEZIONE LONIGO,LONIGO,VI,VENETO,
9232012,SEZIONE FRASCATI,FRASCATI,RM,LAZIO,
9220002,SEZIONE AURONZO DI CADORE,AURONZO DI CADORE,BL,VENETO,
9216122,SEZIONE OSTIGLIA,OSTIGLIA,MN,LOMBARDIA,
9212069,SEZIONE RIVOLI,RIVOLI,TO,PIEMONTE,
9216121,SEZIONE SOVICO,SOVICO,MB,LOMBARDIA,
9216064,SEZIONE LUINO,LUINO,VA,LOMBARDIA,
9212029,SEZIONE VALSESSERA,PORTULA,BI,PIEMONTE,
9212080,SEZIONE TRIVERO,TRIVERO,BI,PIEMONTE,
9216060,SEZIONE MENAGGIO,MENAGGIO,CO,LOMBARDIA,
9216117,SEZIONE BARZANÒ,BARZANÒ,LC,LOMBARDIA,
9216074,SEZIONE MOLTENO,MOLTENO,LC,LOMBARDIA,
9216088,SEZIONE CASSANO D'ADDA,CASSANO D'ADDA,MI,LOMBARDIA,
9216044,SEZIONE SESTO CALENDE,SESTO CALENDE,VA,LOMBARDIA,
9226013,SEZIONE MASSA,MASSA,MS,TOSCANA,
9240002,SEZIONE BARI,BARI,BA,PUGLIA,
9220011,SEZIONE CORTINA D'AMPEZZO,CORTINA D'AMPEZZO,BL,VENETO,
9232009,SEZIONE CASSINO,CASSINO,FR,LAZIO,
9212011,SEZIONE SALUZZO,SALUZZO,CN,PIEMONTE,
9232003,SEZIONE FROSINONE,FROSINONE,FR,LAZIO,
9216031,SEZIONE GERMIGNAGA,GERMIGNAGA,VA,LOMBARDIA,
9220014,SEZIONE THIENE,THIENE,VI,VENETO,
9216018,SEZIONE CHIAVENNA,CHIAVENNA,SO,LOMBARDIA,
9226006,SEZIONE LUCCA,LUCCA,LU,TOSCANA,
9212027,SEZIONE PALLANZA,VERBANIA,VB,PIEMONTE,
9212070,SEZIONE FORMAZZA,PONTE FORMAZZA,VB,PIEMONTE,
9216042,SEZIONE MEDA,MEDA,MB,LOMBARDIA,
9220065,SEZIONE ALPAGO,CHIES D'ALPAGO,BL,VENETO,
9244002,SEZIONE COSENZA,COSENZA,CS,CALABRIA,
9212079,SEZIONE MONCALIERI,MONCALIERI,TO,PIEMONTE,
9226015,SEZIONE MONTAGNA PISTOIESE-MARESCA,SAN MARCELLO PISTOIESE,PT,TOSCANA,
9232015,SEZIONE GALLINARO,GALLINARO,FR,LAZIO,
9216078,SEZIONE VEDANO OLONA,VEDANO OLONA,VA,LOMBARDIA,
9212025,SEZIONE BORGOMANERO,BORGOMANERO,NO,PIEMONTE,
9242003,SEZIONE MELFI,MELFI,PZ,BASILICATA,
9216085,SEZIONE CARNAGO,CARNAGO,VA,LOMBARDIA,
9234016,SEZIONE POPOLI,POPOLI,PE,ABRUZZO,
9216056,SEZIONE MELZO,MELZO,MI,LOMBARDIA,
9234013,SEZIONE AVEZZANO,AVEZZANO,AQ,ABRUZZO,
9234024,SEZIONE CARSOLI,CARSOLI,AQ,ABRUZZO,
9232002,SEZIONE SORA,SORA,FR,LAZIO,
9220019,SEZIONE MONTEBELLUNA,MONTEBELLUNA,TV,VENETO,
9102005,AGAI COLL. ALTO ADIGE,BOLZANO,BZ,EXTRA REGIONE,ASSOCIAZIONE GUIDE ALPINE ITALIANE
9102013,AGAI COLL. CAMPANIA,ERCOLANO,NA,EXTRA REGIONE,ASSOCIAZIONE GUIDE ALPINE ITALIANE
9102012,AGAI COLL. FRIULI V. G.,TRIESTE,TS,EXTRA REGIONE,ASSOCIAZIONE GUIDE ALPINE ITALIANE
9102003,AGAI COLL. LOMBARDIA,SONDRIO,SO,EXTRA REGIONE,ASSOCIAZIONE GUIDE ALPINE ITALIANE
9102001,AGAI COLL. PIEMONTE,TORINO,TO,EXTRA REGIONE,ASSOCIAZIONE GUIDE ALPINE ITALIANE
9102008,AGAI COLL. SICILIA,NICOLOSI,CT,EXTRA REGIONE,ASSOCIAZIONE GUIDE ALPINE ITALIANE
9102004,AGAI COLL. TRENTINO,TRENTO,TN,EXTRA REGIONE,ASSOCIAZIONE GUIDE ALPINE ITALIANE
9102002,AGAI COLL. VALLE D'AOSTA,AOSTA,AO,EXTRA REGIONE,ASSOCIAZIONE GUIDE ALPINE ITALIANE
9102006,AGAI COLL. VENETO,CORTINA D’AMPEZZO,BL,EXTRA REGIONE,ASSOCIAZIONE GUIDE ALPINE ITALIANE
9101002,GRUPPO CENTRALE C.A.A.I.,MILANO,MI,EXTRA REGIONE,SEZIONE C.A.A.I.
9101001,GRUPPO OCCIDENTALE C.A.A.I.,TORINO,TO,EXTRA REGIONE,SEZIONE C.A.A.I.
9118013,S.A.T. ALA,ALA,TN,TRENTINO-ALTO ADIGE,SEZIONE S.A.T.
9118089,S.A.T. ALDENO,ALDENO,TN,TRENTINO-ALTO ADIGE,SEZIONE S.A.T.
9118014,S.A.T. ALTA VAL DI FASSA,CANAZEI DI FASSA,TN,TRENTINO-ALTO ADIGE,SEZIONE S.A.T.
9118016,S.A.T. ARCO,ARCO,TN,TRENTINO-ALTO ADIGE,SEZIONE S.A.T.
9118017,S.A.T. AVIO,AVIO,TN,TRENTINO-ALTO ADIGE,SEZIONE S.A.T.
9118093,S.A.T. BESENELLO,BESENELLO,TN,TRENTINO-ALTO ADIGE,SEZIONE S.A.T.
9118018,S.A.T. BINDESI VILLAZZANO,VILLAZZANO,TN,TRENTINO-ALTO ADIGE,SEZIONE S.A.T.
9118019,S.A.T. BORGO VALSUGANA,BORGO VALSUGANA,TN,TRENTINO-ALTO ADIGE,SEZIONE S.A.T.
9118072,S.A.T. BRENTONICO,BRENTONICO,TN,TRENTINO-ALTO ADIGE,SEZIONE S.A.T.
9118088,S.A.T. BRESIMO,BRESIMO,TN,TRENTINO-ALTO ADIGE,SEZIONE S.A.T.
9118020,S.A.T. CALDONAZZO,CALDONAZZO,TN,TRENTINO-ALTO ADIGE,SEZIONE S.A.T.
9118085,S.A.T. CIVEZZANO,CIVEZZANO,TN,TRENTINO-ALTO ADIGE,SEZIONE S.A.T.
9118026,S.A.T. COGNOLA,COGNOLA,TN,TRENTINO-ALTO ADIGE,SEZIONE S.A.T.
9118027,S.A.T. CORO,TRENTO,TN,TRENTINO-ALTO ADIGE,SEZIONE S.A.T.
9118073,S.A.T. FIAVÉ,FIAVÉ,TN,TRENTINO-ALTO ADIGE,SEZIONE S.A.T.
9118077,S.A.T. FOLGARIA,FOLGARIA,TN,TRENTINO-ALTO ADIGE,SEZIONE S.A.T.
9118031,S.A.T. LAVARONE,LAVARONE,TN,TRENTINO-ALTO ADIGE,SEZIONE S.A.T.
9118032,S.A.T. LAVIS,LAVIS,TN,TRENTINO-ALTO ADIGE,SEZIONE S.A.T.
9118034,S.A.T. LEVICO TERME,LEVICO TERME,TN,TRENTINO-ALTO ADIGE,SEZIONE S.A.T.
9118035,S.A.T. LISIGNAGO,CEMBRA LISIGNAGO,TN,TRENTINO-ALTO ADIGE,SEZIONE S.A.T.
9118036,S.A.T. MALÉ ,MALÉ ,TN,TRENTINO-ALTO ADIGE,SEZIONE S.A.T.
9118037,S.A.T. MATTARELLO,MATTARELLO,TN,TRENTINO-ALTO ADIGE,SEZIONE S.A.T.
9118041,S.A.T. MORI,MORI,TN,TRENTINO-ALTO ADIGE,SEZIONE S.A.T.
9118043,S.A.T. PERGINE,PERGINE VALSUGANA,TN,TRENTINO-ALTO ADIGE,SEZIONE S.A.T.
9118044,S.A.T. PIEVE DI BONO,PIEVE DI BONO-PREZZO,TN,TRENTINO-ALTO ADIGE,SEZIONE S.A.T.
9118047,S.A.T. PINZOLO ALTA RENDENA,PINZOLO,TN,TRENTINO-ALTO ADIGE,SEZIONE S.A.T.
9118048,S.A.T. PONTE ARCHE,COMANO TERME,TN,TRENTINO-ALTO ADIGE,SEZIONE S.A.T.
9118049,S.A.T. POVO,POVO,TN,TRENTINO-ALTO ADIGE,SEZIONE S.A.T.
9118051,S.A.T. PREDAZZO,PREDAZZO,TN,TRENTINO-ALTO ADIGE,SEZIONE S.A.T.
9118054,S.A.T. RABBI STERNAI,RABBI,TN,TRENTINO-ALTO ADIGE,SEZIONE S.A.T.
9118075,S.A.T. RAVINA,RAVINA,TN,TRENTINO-ALTO ADIGE,SEZIONE S.A.T.
9118056,S.A.T. RIVA DEL GARDA,RIVA DEL GARDA,TN,TRENTINO-ALTO ADIGE,SEZIONE S.A.T.
9118057,S.A.T. ROVERETO,ROVERETO,TN,TRENTINO-ALTO ADIGE,SEZIONE S.A.T.
9118058,S.A.T. SARDAGNA,SARDAGNA,TN,TRENTINO-ALTO ADIGE,SEZIONE S.A.T.
9118060,S.A.T. S.MICHELE ALL'ADIGE,SAN MICHELE ALL'ADIGE,TN,TRENTINO-ALTO ADIGE,SEZIONE S.A.T.
9118061,S.A.T. S.O.S.A.T.,TRENTO,TN,TRENTINO-ALTO ADIGE,SEZIONE S.A.T.
9118081,S.A.T. SPORMAGGIORE,SPORMAGGIORE,TN,TRENTINO-ALTO ADIGE,SEZIONE S.A.T.
9118087,S.A.T. STORO,STORO,TN,TRENTINO-ALTO ADIGE,SEZIONE S.A.T.
9118063,S.A.T. S.U.S.A.T.,TRENTO,TN,TRENTINO-ALTO ADIGE,SEZIONE S.A.T.
9118045,S.A.T. TESINO,PIEVE TESINO,TN,TRENTINO-ALTO ADIGE,SEZIONE S.A.T.
9118078,S.A.T. TON,VIGO DI TON,TN,TRENTINO-ALTO ADIGE,SEZIONE S.A.T.
9118068,S.A.T. TRENTO,TRENTO,TN,TRENTINO-ALTO ADIGE,SEZIONE S.A.T.
9118092,S.A.T. VAL DI GRESTA,RONZO CHIENIS,TN,TRENTINO-ALTO ADIGE,SEZIONE S.A.T.
9118090,S.A.T. VAL GENOVA,CADERZONE,TN,TRENTINO-ALTO ADIGE,SEZIONE S.A.T.
9126018,SOTTOSEZIONE AGLIANA,AGLIANA,PT,TOSCANA,SEZIONE EMILIO BERTINI-PRATO
9116039,SOTTOSEZIONE AGRATE BRIANZA,AGRATE BRIANZA,MI,LOMBARDIA,SEZIONE CONCOREZZO
9112025,SOTTOSEZIONE ALAGNA,ALAGNA VALSESIA,VC,PIEMONTE,SEZIONE VARALLO SESIA
9116003,SOTTOSEZIONE ALBINO,ALBINO,BG,LOMBARDIA,SEZIONE BERGAMO
9116111,SOTTOSEZIONE ALDO MANTOVANI,MONZA,MB,LOMBARDIA,SEZIONE MONZA
9116133,SOTTOSEZIONE ALTA VALLE SERIANA,ARDESIO,BG,LOMBARDIA,SEZIONE BERGAMO
9132011,SOTTOSEZIONE ANAGNI,ANAGNI,FR,LAZIO,SEZIONE COLLEFERRO
9116092,SOTTOSEZIONE ARCORE,ARCORE,MB,LOMBARDIA,SEZIONE VIMERCATE
9110001,SOTTOSEZIONE ARENZANO,ARENZANO,GE,LIGURIA,SEZIONE LIGURE-GENOVA
9116060,SOTTOSEZIONE AROSIO,AROSIO,CO,LOMBARDIA,SEZIONE MARIANO COMENSE
9116126,SOTTOSEZIONE ARSAGO SEPRIO,ARSAGO SEPRIO,VA,LOMBARDIA,SEZIONE SOMMA LOMBARDO
9134001,SOTTOSEZIONE ARSITA,ARSITA,TE,ABRUZZO,SEZIONE CASTELLI
9122009,SOTTOSEZIONE ARTEGNA,ARTEGNA,UD,FRIULI-VENEZIA GIULIA,SEZIONE S.A.F.- UDINE
9122005,SOTTOSEZIONE AVIANO,AVIANO,PN,FRIULI-VENEZIA GIULIA,SEZIONE PORDENONE
9112002,SOTTOSEZIONE AVIGLIANA,AVIGLIANA,TO,PIEMONTE,SEZIONE ALPIGNANO
9126013,SOTTOSEZIONE BAGNONE,BAGNONE,MS,TOSCANA,SEZIONE PONTREMOLI
9116018,SOTTOSEZIONE BAGOLINO,BAGOLINO,BS,LOMBARDIA,SEZIONE BRESCIA
9116050,SOTTOSEZIONE BALLABIO,BALLABIO,LC,LOMBARDIA,SEZIONE LECCO
9134015,SOTTOSEZIONE BARETE,BARETE,AQ,ABRUZZO,SEZIONE L'AQUILA
9114002,SOTTOSEZIONE BARTHELEMY,NUS,AO,VALLE D'AOSTA,SEZIONE AOSTA
9116082,SOTTOSEZIONE BELLUSCO,BELLUSCO,MB,LOMBARDIA,SEZIONE MONZA
9116142,SOTTOSEZIONE BERBENNO,BERBENNO DI VALTELLINA,SO,LOMBARDIA,SEZIONE VALTELLINESE-SONDRIO
9112040,SOTTOSEZIONE BORGO SAN DALMAZZO,BORGO SAN DALMAZZO,CN,PIEMONTE,SEZIONE CUNEO
9112026,SOTTOSEZIONE BORGOSESIA,BORGOSESIA,VC,PIEMONTE,SEZIONE VARALLO SESIA
9122003,SOTTOSEZIONE BUJA,BUJA,UD,FRIULI-VENEZIA GIULIA,SEZIONE GEMONA DEL FRIULI
9116134,SOTTOSEZIONE BURAGO MOLGORA,BURAGO MOLGORA,MB,LOMBARDIA,SEZIONE VIMERCATE
9112010,SOTTOSEZIONE BUSCA,BUSCA,CN,PIEMONTE,SEZIONE CUNEO
9146017,SOTTOSEZIONE CACCAMO,CACCAMO,PA,SICILIA,SEZIONE POLIZZI GENEROSA
9126022,SOTTOSEZIONE CAI PACIFIC NORTHWEST,PISA,PI,TOSCANA,SEZIONE PISA
9112016,SOTTOSEZIONE CAMERI,CAMERI,NO,PIEMONTE,SEZIONE NOVARA
9112053,SOTTOSEZIONE CANDIOLO,CANDIOLO,TO,PIEMONTE,SEZIONE VIGONE
9120015,SOTTOSEZIONE CAPRINO VERONESE (Diventata Sezione),RIVOLI VERONESE,VR,VENETO,SEZIONE VERONA
9116045,SOTTOSEZIONE CASORATE SEMPIONE,CASORATE SEMPIONE,VA,LOMBARDIA,SEZIONE GALLARATE
9116067,SOTTOSEZIONE CASSA DI RISPARMIO,MILANO,MI,LOMBARDIA,SEZIONE MILANO
9126001,SOTTOSEZIONE CASSA DI RISPARMIO,FIRENZE,FI,TOSCANA,SEZIONE FIRENZE
9146001,SOTTOSEZIONE CASTELBUONO,,,SICILIA,SEZIONE PETRALIA SOTTANA
9132013,SOTTOSEZIONE CASTELGANDOLFO,CASTEL GANDOLFO,RM,LAZIO,SEZIONE FRASCATI
9146013,SOTTOSEZIONE CASTELLAMMARE DEL GOLFO,CASTELLAMMARE DEL GOLFO,TP,SICILIA,SEZIONE PALERMO
9124003,SOTTOSEZIONE CASTIGLIONE PEPOLI,CASTIGLIONE DEI PEPOLI,BO,EMILIA-ROMAGNA,SEZIONE BOLOGNA
9116136,SOTTOSEZIONE CAVENAGO BRIANZA,CAVENAGO DI BRIANZA,MB,LOMBARDIA,SEZIONE VIMERCATE
9124011,SOTTOSEZIONE CAVRIAGO,CAVRIAGO,RE,EMILIA-ROMAGNA,SEZIONE REGGIO EMILIA
9134009,SOTTOSEZIONE CELANO,CELANO,AQ,ABRUZZO,SEZIONE CARSOLI
9110006,SOTTOSEZIONE CENGIO,CENGIO GENEPRO,SV,LIGURIA,SEZIONE SAVONA
9124014,SOTTOSEZIONE CENTO,CORPO RENO,FE,EMILIA-ROMAGNA,SEZIONE FERRARA
9144003,SOTTOSEZIONE CERCHIARA DI CALABRIA,CERCHIARA DI CALABRIA,CS,CALABRIA,SEZIONE CASTROVILLARI
9112018,SOTTOSEZIONE CHIERI,CHIERI,TO,PIEMONTE,SEZIONE TORINO
9116019,SOTTOSEZIONE CIDNEO O.M.,BRESCIA,BS,LOMBARDIA,SEZIONE BRESCIA
9112008,SOTTOSEZIONE CIGLIANO,CIGLIANO,VC,PIEMONTE,SEZIONE CHIVASSO
9116005,SOTTOSEZIONE CISANO,CISANO BERGAMASCO,BG,LOMBARDIA,SEZIONE BERGAMO
9116046,SOTTOSEZIONE COLLIO VALTROMPIA,COLLIO,BS,LOMBARDIA,SEZIONE GARDONE VAL TROMPIA
9110003,SOTTOSEZIONE CORNIGLIANO,GENOVA,GE,LIGURIA,SEZIONE LIGURE-GENOVA
9134005,SOTTOSEZIONE CORTINO,CORTINO,TE,ABRUZZO,SEZIONE TERAMO
9112046,SOTTOSEZIONE C.R.A.L. C.R.T.,TORINO,TO,PIEMONTE,SEZIONE TORINO
9116131,SOTTOSEZIONE CUSANO MILANINO,CUSANO MILANINO,MI,LOMBARDIA,SEZIONE CINISELLO BALSAMO
9116096,SOTTOSEZIONE DARFO,DARFO BOARIO TERME,BG,LOMBARDIA,SEZIONE LOVERE
9112012,SOTTOSEZIONE DRONERO,DRONERO,CN,PIEMONTE,SEZIONE CUNEO
9116104,SOTTOSEZIONE EDELWEISS,MILANO,MI,LOMBARDIA,SEZIONE MILANO
9146018,SOTTOSEZIONE ERICE E AGRO ERICINO,FULGATORE,TP,SICILIA,SEZIONE PETRALIA SOTTANA
9122021,SOTTOSEZIONE FAEDIS,FAEDIS,UD,FRIULI-VENEZIA GIULIA,SEZIONE CIVIDALE DEL FRIULI
9120013,SOTTOSEZIONE FAMIGLIA ALPINISTICA,VERONA,VR,VENETO,SEZIONE VERONA
9126002,SOTTOSEZIONE FLOG,FIRENZE,FI,TOSCANA,SEZIONE FIRENZE
9144001,SOTTOSEZIONE FRASCINETO,CASTROVILLARI,CS,CALABRIA,SEZIONE COSENZA
9120010,SOTTOSEZIONE G.ALP. GIOV.MONT.,VERONA,VR,VENETO,SEZIONE VERONA
9116073,SOTTOSEZIONE G.A.M.,MILANO,MI,LOMBARDIA,SEZIONE MILANO
9116022,SOTTOSEZIONE GAVARDO,GAVARDO,BS,LOMBARDIA,SEZIONE BRESCIA
9116008,SOTTOSEZIONE GAZZANIGA,GAZZANIGA,BG,LOMBARDIA,SEZIONE BERGAMO
9112020,SOTTOSEZIONE G.E.A.T.,TORINO,TO,PIEMONTE,SEZIONE TORINO
9132008,SOTTOSEZIONE GENZANO,GENZANO DI ROMA,RM,LAZIO,SEZIONE FRASCATI
9116074,SOTTOSEZIONE GERVASUTTI,MILANO,MI,LOMBARDIA,SEZIONE MILANO
9116114,SOTTOSEZIONE G.E.S.A.,MILANO,MI,LOMBARDIA,SEZIONE MILANO
9110008,SOTTOSEZIONE GE-SESTRI,SESTRI PONENTE,GE,LIGURIA,SEZIONE U.L.E. GENOVA
9112027,SOTTOSEZIONE GHEMME,GHEMME,NO,PIEMONTE,SEZIONE VARALLO SESIA
9112028,SOTTOSEZIONE GRIGNASCO,GRIGNASCO,NO,PIEMONTE,SEZIONE VARALLO SESIA
9112011,SOTTOSEZIONE GRUPPO SPELEOLOGICO,CUNEO,CN,PIEMONTE,SEZIONE CUNEO
9124009,SOTTOSEZIONE GUASTALLA,GUASTALLA,RE,EMILIA-ROMAGNA,SEZIONE REGGIO EMILIA
9116023,SOTTOSEZIONE ISEO,ISEO,BS,LOMBARDIA,SEZIONE BRESCIA
9126023,SOTTOSEZIONE ISOLA D'ELBA,RIO MARINA,LI,TOSCANA,SEZIONE LIVORNO
9116061,SOTTOSEZIONE LENTATE SUL SEVESO,LENTATE SUL SEVESO,MB,LOMBARDIA,SEZIONE MEDA
9134013,SOTTOSEZIONE LUCO DEI MARSI,LUCO DEI MARSI,AQ,ABRUZZO,SEZIONE AVEZZANO
9116024,SOTTOSEZIONE MARONE,MARONE,BS,LOMBARDIA,SEZIONE BRESCIA
9146012,SOTTOSEZIONE MILENA,,,SICILIA,SEZIONE PETRALIA SOTTANA
9136002,SOTTOSEZIONE MONTAQUILA,MONTAQUILA,IS,MOLISE,SEZIONE ISERNIA
9116077,SOTTOSEZIONE MONTEDISON,MILANO,MI,LOMBARDIA,SEZIONE MILANO
9128002,SOTTOSEZIONE MONTEFORTINO,MONTEFORTINO,FM,MARCHE,SEZIONE FERMO
9116037,SOTTOSEZIONE MONTE OLIMPINO,COMO,CO,LOMBARDIA,SEZIONE COMO
9126020,SOTTOSEZIONE MONTEPIANO,MONTEPIANO,PO,TOSCANA,SEZIONE EMILIO BERTINI-PRATO
9122019,SOTTOSEZIONE MUGGIA,MUGGIA,TS,FRIULI-VENEZIA GIULIA,SEZIONE S.A.G.- TRIESTE
9140001,SOTTOSEZIONE NARDÒ,NARDÒ,LE,PUGLIA,SEZIONE GIOIA DEL COLLE
9116093,SOTTOSEZIONE NAVE,NAVE,BS,LOMBARDIA,SEZIONE BRESCIA
9116010,SOTTOSEZIONE NEMBRO,NEMBRO,BG,LOMBARDIA,SEZIONE BERGAMO
9124016,SOTTOSEZIONE NOVELLARA,NOVELLARA,RE,EMILIA-ROMAGNA,SEZIONE REGGIO EMILIA
9120025,SOTTOSEZIONE NOVENTA VICENTINA,NOVENTA VICENTINA,VI,VENETO,SEZIONE VICENZA
9138001,SOTTOSEZIONE NUSCO,NUSCO,AV,CAMPANIA,SEZIONE AVELLINO
9112017,SOTTOSEZIONE OLEGGIO MEZZOMERICO,OLEGGIO,NO,PIEMONTE,SEZIONE NOVARA
9116135,SOTTOSEZIONE OLGIATE COMASCO,OLGIATE COMASCO,CO,LOMBARDIA,SEZIONE COMO
9116139,SOTTOSEZIONE ONETA,ONETA,BG,LOMBARDIA,SEZIONE CLUSONE
9122004,SOTTOSEZIONE OSOPPO,OSOPPO,UD,FRIULI-VENEZIA GIULIA,SEZIONE GEMONA DEL FRIULI
9116049,SOTTOSEZIONE PAINA,PAINA DI GIUSSANO,MB,LOMBARDIA,SEZIONE GIUSSANO
9122020,SOTTOSEZIONE PALMANOVA,PALMANOVA,UD,FRIULI-VENEZIA GIULIA,SEZIONE S.A.F.- UDINE
9122012,SOTTOSEZIONE PASIAN DI PRATO,PASIAN DI PRATO,UD,FRIULI-VENEZIA GIULIA,SEZIONE S.A.F.- UDINE
9124017,SOTTOSEZIONE PAVULLO NEL FRIGNANO,PAVULLO NEL FRIGNANO,MO,EMILIA-ROMAGNA,SEZIONE MODENA
9120023,SOTTOSEZIONE PEDEMONTANA GRAPPA,CASTELCUCCO,TV,VENETO,SEZIONE FELTRE
9126003,SOTTOSEZIONE PESCIA (diventata Sezione),PESCIA,PT,TOSCANA,SEZIONE FIRENZE
9134003,SOTTOSEZIONE PESCINA,PESCINA,AQ,ABRUZZO,SEZIONE AVEZZANO
9134011,SOTTOSEZIONE PIETRACAMELA,PIETRACAMELA,TE,ABRUZZO,SEZIONE ISOLA DEL GRAN SASSO
9116027,SOTTOSEZIONE PISOGNE,PISOGNE,BS,LOMBARDIA,SEZIONE LOVERE
9132016,SOTTOSEZIONE POGGIO BUSTONE,POGGIO BUSTONE,RI,LAZIO,SEZIONE RIETI
9116109,SOTTOSEZIONE PONTE IN VALTELLINA,PONTE IN VALTELLINA,SO,LOMBARDIA,SEZIONE VALTELLINESE-SONDRIO
9116013,SOTTOSEZIONE PONTE SAN PIETRO,PONTE SAN PIETRO,BG,LOMBARDIA,SEZIONE BERGAMO
9199999,SOTTOSEZIONE PROVA1,MILANO,MI,,SEZIONE PROVA
9199998,SOTTOSEZIONE PROVA2,MILANO,MI,,SEZIONE PROVA
9116123,SOTTOSEZIONE PROVAGLIO D'ISEO,PROVAGLIO D'ISEO,BS,LOMBARDIA,SEZIONE BRESCIA
9116059,SOTTOSEZIONE QUISTELLO,QUISTELLO,MN,LOMBARDIA,SEZIONE MANTOVA
9146015,SOTTOSEZIONE RANDAZZO,,,SICILIA,SEZIONE CATANIA
9124015,SOTTOSEZIONE RUBIERA,RUBIERA,RE,EMILIA-ROMAGNA,SEZIONE REGGIO EMILIA
9112051,SOTTOSEZIONE SALBERTRAND,SALBERTRAND,TO,PIEMONTE,SEZIONE COAZZE
9132015,SOTTOSEZIONE SAN DONATO VALCOMINO,SAN DONATO VAL DI COMINO,FR,LAZIO,SEZIONE CASSINO
9120021,SOTTOSEZIONE SANDRIGO,SANDRIGO,VI,VENETO,SEZIONE MAROSTICA
9146016,SOTTOSEZIONE SANTA ELISABETTA,SANTA ELISABETTA,AG,SICILIA,SEZIONE POLIZZI GENEROSA
9146010,SOTTOSEZIONE SANT'ANGELO MUXARO,,,SICILIA,SEZIONE PALERMO
9112037,SOTTOSEZIONE SANTENA,SANTENA,TO,PIEMONTE,SEZIONE TORINO
9116029,SOTTOSEZIONE SANTICOLO,SANTICOLO,BS,LOMBARDIA,SEZIONE BRESCIA
9112034,SOTTOSEZIONE SAUZE D'OULX,SAUZE D'OULX,TO,PIEMONTE,SEZIONE BUSSOLENO
9124012,SOTTOSEZIONE SCANDIANO,SCANDIANO,RE,EMILIA-ROMAGNA,SEZIONE REGGIO EMILIA
9126021,SOTTOSEZIONE SCANDICCI,SCANDICCI,FI,TOSCANA,SEZIONE FIRENZE
9122014,SOTTOSEZIONE SAN DANIELE DEL FRIULI,SAN DANIELE DEL FRIULI,UD,FRIULI-VENEZIA GIULIA,SEZIONE S.A.F.- UDINE
9116084,SOTTOSEZIONE SAN FRUTTUOSO,MONZA,MB,LOMBARDIA,SEZIONE MONZA
9124005,SOTTOSEZIONE SANT'ILARIO D'ENZA,SANT'ILARIO D'ENZA,RE,EMILIA-ROMAGNA,SEZIONE REGGIO EMILIA
9110009,SOTTOSEZIONE SORI,SORI,GE,LIGURIA,SEZIONE LIGURE-GENOVA
9112033,SOTTOSEZIONE SPARONE,SPARONE,TO,PIEMONTE,SEZIONE IVREA
9120019,SOTTOSEZIONE S.POLO DI PIAVE,SAN POLO DI PIAVE,TV,VENETO,SEZIONE CONEGLIANO
9126011,SOTTOSEZIONE STIA,PRATOVECCHIO STIA,AR,TOSCANA,SEZIONE FIRENZE
9132012,SOTTOSEZIONE SUBIACO,,,LAZIO,SEZIONE TIVOLI
9112023,SOTTOSEZIONE S.U.C.A.I.,TORINO,TO,PIEMONTE,SEZIONE TORINO
9146002,SOTTOSEZIONE S.U.C.A.I.,PALERMO,PA,SICILIA,SEZIONE PALERMO
9116121,SOTTOSEZIONE SULBIATE,SULBIATE,MB,LOMBARDIA,SEZIONE VIMERCATE
9116097,SOTTOSEZIONE SUZZARA,SUZZARA,MN,LOMBARDIA,SEZIONE MANTOVA
9122015,SOTTOSEZIONE TARCENTO CAI UDINE,TARCENTO,UD,FRIULI-VENEZIA GIULIA,SEZIONE S.A.F.- UDINE
9116143,SOTTOSEZIONE TEGLIO,TEGLIO,SO,LOMBARDIA,SEZIONE VALTELLINESE-SONDRIO
9116089,SOTTOSEZIONE TIRANO,TIRANO,SO,LOMBARDIA,SEZIONE VALTELLINESE-SONDRIO
9116105,SOTTOSEZIONE TREZZO D'ADDA,TREZZO SULL'ADDA,MI,LOMBARDIA,SEZIONE CASSANO D'ADDA
9122016,SOTTOSEZIONE TRICESIMO,TRICESIMO,UD,FRIULI-VENEZIA GIULIA,SEZIONE S.A.F.- UDINE
9116128,SOTTOSEZIONE URGNANO,URGNANO,BG,LOMBARDIA,SEZIONE BERGAMO
9116064,SOTTOSEZIONE USMATE,USMATE,MB,LOMBARDIA,SEZIONE MERATE
9110007,SOTTOSEZIONE VALBORMIDA,CAIRO MONTENOTTE,SV,LIGURIA,SEZIONE SAVONA
9116140,SOTTOSEZIONE VALDIDENTRO,VALDIDENTRO,SO,LOMBARDIA,SEZIONE VALTELLINESE-SONDRIO
9112052,SOTTOSEZIONE VAL DI VIÙ,VIÙ,TO,PIEMONTE,SEZIONE LANZO TORINESE
9116007,SOTTOSEZIONE VALGANDINO,GANDINO,BG,LOMBARDIA,SEZIONE BERGAMO
9116095,SOTTOSEZIONE VALLE IMAGNA,SANT'OMOBONO TERME,BG,LOMBARDIA,SEZIONE BERGAMO
9122002,SOTTOSEZIONE VALNATISONE (Diventata Sezione),SAN PIETRO AL NATISONE,UD,FRIULI-VENEZIA GIULIA,SEZIONE CIVIDALE DEL FRIULI
9116011,SOTTOSEZIONE VALSERINA,SERINA,BG,LOMBARDIA,SEZIONE BERGAMO
9122018,SOTTOSEZIONE VALTRAMONTINA,TRAMONTI DI SOPRA,PN,FRIULI-VENEZIA GIULIA,SEZIONE SPILIMBERGO
9122007,SOTTOSEZIONE VALVASONE,VALVASONE,PN,FRIULI-VENEZIA GIULIA,SEZIONE SPILIMBERGO
9116015,SOTTOSEZIONE VAPRIO D'ADDA,VAPRIO D'ADDA,MI,LOMBARDIA,SEZIONE BERGAMO
9116118,SOTTOSEZIONE VARANO BORGHI,VARANO BORGHI,VA,LOMBARDIA,SEZIONE GAVIRATE
9132003,SOTTOSEZIONE VELLETRI,VELLETRI,RM,LAZIO,SEZIONE ROMA
9116030,SOTTOSEZIONE VESTONE,VESTONE,BS,LOMBARDIA,SEZIONE BRESCIA
9116124,SOTTOSEZIONE VILLA D'ALMÈ,VILLA D'ALMÈ,BG,LOMBARDIA,SEZIONE BERGAMO
9116102,SOTTOSEZIONE VIMODRONE,VIMODRONE,MI,LOMBARDIA,SEZIONE CERNUSCO SUL NAVIGLIO
9120024,SOTTOSEZIONE ZEVIO,ZEVIO,VR,VENETO,SEZIONE VERONA
9112049,SOTTOSEZIONE TROFARELLO,TROFARELLO,TO,PIEMONTE,SEZIONE UGET TORINO
9132001,SOTTOSEZIONE POGGIO MIRTETO,POGGIO MIRTETO,RI,LAZIO,SEZIONE RIETI
9134014,SOTTOSEZIONE TORRE DE' PASSERI,TORRE DE' PASSERI,PE,ABRUZZO,SEZIONE POPOLI
9118050,S.A.T. POZZA DI FASSA,POZZA DI FASSA,TN,TRENTINO-ALTO ADIGE,SEZIONE S.A.T.
9102011,AGAI COLL. EMILIA,REGGIO EMILIA,RE,EXTRA REGIONE,ASSOCIAZIONE GUIDE ALPINE ITALIANE
9102014,AGAI COLL. LIGURIA,FINALE LIGURE,SV,EXTRA REGIONE,ASSOCIAZIONE GUIDE ALPINE ITALIANE
9116052,SOTTOSEZIONE STRADA STORTA,LECCO,LC,LOMBARDIA,SEZIONE LECCO
9116072,SOTTOSEZIONE FIOR DI ROCCIA,MILANO,MI,LOMBARDIA,SEZIONE MILANO
9118094,S.A.T. BONDO-BREGUZZO,SELLA GIUDICARIE,TN,TRENTINO-ALTO ADIGE,SEZIONE S.A.T.
9126015,SOTTOSEZIONE PONTASSIEVE,PONTASSIEVE,FI,TOSCANA,SEZIONE FIRENZE
9116110,SOTTOSEZIONE COLLEBEATO,COLLEBEATO,BS,LOMBARDIA,SEZIONE BRESCIA
9116043,SOTTOSEZIONE CASALMAGGIORE,CASALMAGGIORE,CR,LOMBARDIA,SEZIONE CREMONA
9120022,SOTTOSEZIONE CANAL DI BRENTA,VALSTAGNA,VI,VENETO,SEZIONE BASSANO DEL GRAPPA
9116069,SOTTOSEZIONE COMIT,MILANO,MI,LOMBARDIA,SEZIONE MILANO
9112024,SOTTOSEZIONE U.E.T.,TORINO,TO,PIEMONTE,SEZIONE TORINO
9116036,SOTTOSEZIONE MASLIANICO,MASLIANICO,CO,LOMBARDIA,SEZIONE COMO
9116119,SOTTOSEZIONE BIZZARONE,BIZZARONE,CO,LOMBARDIA,SEZIONE COMO
9118052,S.A.T. PRESSANO,LAVIS,TN,TRENTINO-ALTO ADIGE,SEZIONE S.A.T.
9116014,SOTTOSEZIONE VAL DI SCALVE,VILMINORE,BG,LOMBARDIA,SEZIONE BERGAMO
9110004,SOTTOSEZIONE VAL DI VARA-RIVIERA,BRUGNATO,SP,LIGURIA,SEZIONE LA SPEZIA
9118070,S.A.T. VERMIGLIO,VERMIGLIO,TN,TRENTINO-ALTO ADIGE,SEZIONE S.A.T.
9116054,SOTTOSEZIONE VANZAGO,VANZAGO,MI,LOMBARDIA,SEZIONE LEGNANO
9120005,SOTTOSEZIONE AZIENDALE LANEROSSI,SCHIO,VI,VENETO,SEZIONE SCHIO
9118025,S.A.T. CLES,CLES,TN,TRENTINO-ALTO ADIGE,SEZIONE S.A.T.
9118028,S.A.T. DENNO,DENNO,TN,TRENTINO-ALTO ADIGE,SEZIONE S.A.T.
9118021,S.A.T. CARE' ALTO,TIONE DI TRENTO,TN,TRENTINO-ALTO ADIGE,SEZIONE S.A.T.
9112030,SOTTOSEZIONE SCOPELLO,PILA,VC,PIEMONTE,SEZIONE VARALLO SESIA
9146011,SOTTOSEZIONE TAORMINA,TAORMINA,ME,SICILIA,SEZIONE LINGUAGLOSSA
9112031,SOTTOSEZIONE GATTINARA,GATTINARA,VC,PIEMONTE,SEZIONE VERCELLI
9112029,SOTTOSEZIONE ROMAGNANO,ROMAGNANO SESIA,NO,PIEMONTE,SEZIONE VARALLO SESIA
9118098,S.A.T. LIVO,LIVO,TN,TRENTINO-ALTO ADIGE,SEZIONE S.A.T.
9118084,S.A.T. ANDALO,ANDALO,TN,TRENTINO-ALTO ADIGE,SEZIONE S.A.T.
9116099,SOTTOSEZIONE ESINO LARIO,ESINO LARIO,LC,LOMBARDIA,SEZIONE PREMANA
9116016,SOTTOSEZIONE ZOGNO,ZOGNO,BG,LOMBARDIA,SEZIONE BERGAMO
9118074,S.A.T. MOLVENO,MOLVENO,TN,TRENTINO-ALTO ADIGE,SEZIONE S.A.T.
9126016,SOTTOSEZIONE MASSA MARITTIMA,MASSA MARITTIMA,GR,TOSCANA,SEZIONE GROSSETO
9118042,S.A.T. PEJO,PEIO,TN,TRENTINO-ALTO ADIGE,SEZIONE S.A.T.
9116071,SOTTOSEZIONE FALC,MILANO,MI,LOMBARDIA,SEZIONE MILANO
9120006,SOTTOSEZIONE ARSIERO,ARSIERO,VI,VENETO,SEZIONE THIENE
9112050,SOTTOSEZIONE VALGRANDE,CANTOIRA,TO,PIEMONTE,SEZIONE LANZO TORINESE
9134012,SOTTOSEZIONE ROSCIOLO DI MAGLIANO,AVEZZANO,AQ,ABRUZZO,SEZIONE AVEZZANO
9118067,S.A.T. TOBLINO-PIETRAMURATA,PIETRAMURATA,TN,TRENTINO-ALTO ADIGE,SEZIONE S.A.T.
9101003,GRUPPO ORIENTALE C.A.A.I.,BOLZANO,BZ,EXTRA REGIONE,SEZIONE C.A.A.I.
9116120,SOTTOSEZIONE BRIGNANO GERA D'ADDA,BRIGNANO GERA D'ADDA,BG,LOMBARDIA,SEZIONE BERGAMO
9118062,S.A.T. STENICO,STENICO,TN,TRENTINO-ALTO ADIGE,SEZIONE S.A.T.
9112039,SOTTOSEZIONE FOGLIZZO,FOGLIZZO,TO,PIEMONTE,SEZIONE CHIVASSO
9118030,S.A.T. FONDO,FONDO IN VAL DI NON,TN,TRENTINO-ALTO ADIGE,SEZIONE S.A.T.
9118097,S.A.T. MADONNA DI CAMPIGLIO,MADONNA DI CAMPIGLIO,TN,TRENTINO-ALTO ADIGE,SEZIONE S.A.T.
9116025,SOTTOSEZIONE ODOLO,ODOLO,BS,LOMBARDIA,SEZIONE BRESCIA
9118015,S.A.T. ALTA VAL DI SOLE,FUCINE DI OSSANA,TN,TRENTINO-ALTO ADIGE,SEZIONE S.A.T.
9112022,SOTTOSEZIONE SETTIMO TORINESE,SETTIMO TORINESE,TO,PIEMONTE,SEZIONE TORINO
9102009,AGAI COLL. MARCHE,LAPEDONA,AP,EXTRA REGIONE,ASSOCIAZIONE GUIDE ALPINE ITALIANE
9140002,SOTTOSEZIONE GROTTAGLIE,GROTTAGLIE,TA,PUGLIA,SEZIONE GIOIA DEL COLLE
9144002,SOTTOSEZIONE SERRA PEDACE,SERRA PEDACE,CS,CALABRIA,SEZIONE COSENZA
9118096,S.A.T. VAL CADINO,CAMPODENNO,TN,TRENTINO-ALTO ADIGE,SEZIONE S.A.T.
9116106,SOTTOSEZIONE MANERBIO,MANERBIO,BS,LOMBARDIA,SEZIONE BRESCIA
9116115,SOTTOSEZIONE CORSERA,MILANO,MI,LOMBARDIA,SEZIONE MILANO
9118039,S.A.T. MEZZOLOMBARDO,MEZZOLOMBARDO,TN,TRENTINO-ALTO ADIGE,SEZIONE S.A.T.
9118040,S.A.T. MOENA,MOENA,TN,TRENTINO-ALTO ADIGE,SEZIONE S.A.T.
9118066,S.A.T. TIONE,TIONE DI TRENTO,TN,TRENTINO-ALTO ADIGE,SEZIONE S.A.T.
9118022,S.A.T. CAVALESE,CAVALESE,TN,TRENTINO-ALTO ADIGE,SEZIONE S.A.T.
9118023,S.A.T. CEMBRA,CEMBRA LISIGNAGO,TN,TRENTINO-ALTO ADIGE,SEZIONE S.A.T.
9118024,S.A.T. CENTA,ALTOPIANO DELLA VIGOLANA,TN,TRENTINO-ALTO ADIGE,SEZIONE S.A.T.
9112009,SOTTOSEZIONE SALUGGIA,SALUGGIA,VC,PIEMONTE,SEZIONE CHIVASSO
9136001,SOTTOSEZIONE BOIANO,BOIANO,CB,MOLISE,SEZIONE CAMPOBASSO
9116033,SOTTOSEZIONE BIASSONO,BIASSONO,MI,LOMBARDIA,SEZIONE MACHERIO
9118079,S.A.T. DAONE,VALDAONE,TN,TRENTINO-ALTO ADIGE,SEZIONE S.A.T.
9118029,S.A.T. DIMARO,DIMARO FOLGARIDA,TN,TRENTINO-ALTO ADIGE,SEZIONE S.A.T.
9118076,S.A.T. RUMO,RUMO,TN,TRENTINO-ALTO ADIGE,SEZIONE S.A.T.
9112041,SOTTOSEZIONE GASSINO TORINESE,GASSINO TORINESE,TO,PIEMONTE,SEZIONE CHIVASSO
9118033,S.A.T. LEDRENSE,LEDRO,TN,TRENTINO-ALTO ADIGE,SEZIONE S.A.T.
9130001,SOTTOSEZIONE ORVIETO,ORVIETO,TR,UMBRIA,SEZIONE TERNI
9120011,SOTTOSEZIONE G.ALP. SCALIGERO,VERONA,VR,VENETO,SEZIONE VERONA
9118091,S.A.T. MAGRAS,MALÈ ,TN,TRENTINO-ALTO ADIGE,SEZIONE S.A.T.
9118053,S.A.T. PRIMIERO,PRIMIERO SAN MARTINO DI CASTROZZA,TN,TRENTINO-ALTO ADIGE,SEZIONE S.A.T.
9118071,S.A.T. VEZZANO,VALLELAGHI,TN,TRENTINO-ALTO ADIGE,SEZIONE S.A.T.
9116009,SOTTOSEZIONE LEFFE,LEFFE,BG,LOMBARDIA,SEZIONE BERGAMO
9116004,SOTTOSEZIONE ALZANO LOMBARDO,ALZANO LOMBARDO,BG,LOMBARDIA,SEZIONE BERGAMO
9116132,SOTTOSEZIONE CASTIONE PRESOLANA,CASTIONE PRESOLANA,BG,LOMBARDIA,SEZIONE CLUSONE
9126008,SOTTOSEZIONE FILATTIERA,FILATTIERA,MS,TOSCANA,SEZIONE PONTREMOLI
9118055,S.A.T. RALLO,VILLE D'ANAUNIA,TN,TRENTINO-ALTO ADIGE,SEZIONE S.A.T.
9118059,S.A.T. S.LORENZO IN BANALE,SAN LORENZO DORSINO,TN,TRENTINO-ALTO ADIGE,SEZIONE S.A.T.
9118083,S.A.T. SOPRAMONTE,TRENTO,TN,TRENTINO-ALTO ADIGE,SEZIONE S.A.T.
9118046,S.A.T. PINÉ ,BASELGA DI PINÈ,TN,TRENTINO-ALTO ADIGE,SEZIONE S.A.T.
9118069,S.A.T. TUENNO,VILLE D'ANAUNIA,TN,TRENTINO-ALTO ADIGE,SEZIONE S.A.T.
9118064,S.A.T. TAIO,PREDAIA,TN,TRENTINO-ALTO ADIGE,SEZIONE S.A.T.
9118080,S.A.T. VIGOLO VATTARO,ALTOPIANO DELLA VIGOLANA,TN,TRENTINO-ALTO ADIGE,SEZIONE S.A.T.
9116032,SOTTOSEZIONE FIGINO SERENZA,FIGINO SERENZA,CO,LOMBARDIA,SEZIONE CANTÙ 
9118038,S.A.T. MEZZOCORONA,MEZZOCORONA,TN,TRENTINO-ALTO ADIGE,SEZIONE S.A.T.
9118099,S.A.T. VALLARSA,VALLARSA,TN,TRENTINO-ALTO ADIGE,SEZIONE S.A.T.
9138003,SOTTOSEZIONE MONTANO ANTILIA,MONTANO ANTILIA,SA,CAMPANIA,SEZIONE SALERNO
9102007,AGAI COLL. ABRUZZO,PRETURO,AQ,EXTRA REGIONE,ASSOCIAZIONE GUIDE ALPINE ITALIANE
9102010,AGAI COLL. TOSCANA,PRATO,PO,EXTRA REGIONE,ASSOCIAZIONE GUIDE ALPINE ITALIANE
9118095,S.A.T. SPORMINORE,SPORMINORE,TN,TRENTINO-ALTO ADIGE,SEZIONE S.A.T.
9118086,S.A.T. ZAMBANA,ZAMBANA,TN,TRENTINO-ALTO ADIGE,SEZIONE S.A.T.
9118065,S.A.T. TESERO,TESERO,TN,TRENTINO-ALTO ADIGE,SEZIONE S.A.T.
9116051,SOTTOSEZIONE BARZIO,BARZIO,LC,LOMBARDIA,SEZIONE LECCO
9138002,SOTTOSEZIONE ISCHIA,FORIO,NA,CAMPANIA,SEZIONE NAPOLI
9124013,SOTTOSEZIONE FIDENZA,FIDENZA,PR,EMILIA-ROMAGNA,SEZIONE PARMA
9116138,SOTTOSEZIONE TRESCORE VALCAVALLINA,TRESCORE BALNEARIO,BG,LOMBARDIA,SEZIONE BERGAMO
9132007,SOTTOSEZIONE SEZZE,SEZZE,LT,LAZIO,SEZIONE LATINA